Name,Event,ID,Link
Nikhil Pulikkottil,ms,1323028,https://be.tournamentsoftware.com/player-profile/9F7C5191-E80C-4EDD-862D-895232FF8EA5
Maciej Skowronski,ms,1359743,https://be.tournamentsoftware.com/player-profile/800C5F22-B0F0-457F-B84D-7C53FB107AA7
Phil Daniel,ms,1365965,https://be.tournamentsoftware.com/player-profile/0BA3BD89-2111-4B03-92EC-195255FB167B
Adam Alam,ms,1353954,https://be.tournamentsoftware.com/player-profile/1FBFBA39-13FD-45D8-9E1C-6799E3A64F2F
Etienne Fan,ms,1351728,https://be.tournamentsoftware.com/player-profile/50F8B206-33DA-4663-A5D3-12A67551B038
Aaron Cherian,ms,1366216,https://be.tournamentsoftware.com/player-profile/80EFC26D-57EC-4E33-A836-2C65F61A697A
Siddhant Pawar,ms,1366722,https://be.tournamentsoftware.com/player-profile/53BD9C82-47AD-4F7B-84E7-F1E7F9BE22B5
Arjun Bhattiprolu,ms,1344244,https://be.tournamentsoftware.com/player-profile/90EDC498-CA98-433C-AA7F-FB8C051318E0
Abhiram Gollena,ms,1373525,https://be.tournamentsoftware.com/player-profile/4FE0EB79-D8D8-435A-8ADE-DC0BE83CCB49
Kevin Tao,ms,1346258,https://be.tournamentsoftware.com/player-profile/23D6B6C4-8DDA-4316-B766-0C06F7546328
Advait Neelakandan,ms,1342449,https://be.tournamentsoftware.com/player-profile/881A804C-9D7C-4D2E-A404-893D8AACC06B
Danish Pattanayak,ms,1360577,https://be.tournamentsoftware.com/player-profile/2825E04B-18FA-4795-B6AC-CF618FDB9A18
Eden Gough,ms,1346056,https://be.tournamentsoftware.com/player-profile/54952974-CCA3-4A3C-AAB7-B2845B406383
Tsz Chai (Adwin) Lo,ms,1361395,https://be.tournamentsoftware.com/player-profile/E5D75E42-7BAF-4C88-AC34-2D9EA1E08180
Olaf Kwiecien,ms,1360084,https://be.tournamentsoftware.com/player-profile/0252F7FA-9B44-4E31-AD1E-203F919E7FD8
Leon Kiran,ms,1357777,https://be.tournamentsoftware.com/player-profile/E17E95CF-ADB5-4F1C-9701-5EC72CF11D9A
Aarav Kotian,ms,1341330,https://be.tournamentsoftware.com/player-profile/3885BD96-704E-47AE-B52D-DFCE94530BD6
Suchir Krishna Addagondla,ms,1370416,https://be.tournamentsoftware.com/player-profile/84774ED3-E8BF-466E-8707-80C4CAB5F924
Jasper Chan,ms,1381811,https://be.tournamentsoftware.com/player-profile/B466F4E9-0769-4CDC-A550-3AD8C93C53DF
Rory Le Masurier,ms,1359691,https://be.tournamentsoftware.com/player-profile/7FD5B2C7-40B1-4AA9-A16D-2FEE743D863D
Jamie Kemp,ms,1353420,https://be.tournamentsoftware.com/player-profile/5DCC8B7F-ACA6-4FE9-ABA8-1172BD59EE89
Vedanshi Jain,ws,1343018,https://be.tournamentsoftware.com/player-profile/79B46D4D-1BEA-45E8-A4D1-FC9FC3ACB0A8
Mudra Mayekar,ws,1332708,https://be.tournamentsoftware.com/player-profile/94B71D97-0EB1-4619-B6EE-3BA9AB51413F
Mutiara Mandala,ws,1352245,https://be.tournamentsoftware.com/player-profile/392F6613-B4A7-418B-8002-0D05C13D6A14
Daya Variangattil,ws,1342573,https://be.tournamentsoftware.com/player-profile/4D2C3EAE-F830-45B8-BE4D-BD01884BBE02
Chinmayi Kishor,ws,1363385,https://be.tournamentsoftware.com/player-profile/1622AE0E-93D1-4C4B-89A8-F2356A8E2A44
Elsa Mitchell,ws,1333107,https://be.tournamentsoftware.com/player-profile/777187B6-204E-4543-8525-687F1A606FF3
Michelle Chen,ws,1360763,https://be.tournamentsoftware.com/player-profile/3BFB8610-6FE7-4B3B-9339-345EA9F04BB3
Hayley Liow,ws,1337187,https://be.tournamentsoftware.com/player-profile/AFEB362A-CF4B-4BAB-BE98-CBC40E04CFF9
JENNIFER HA,ws,1334392,https://be.tournamentsoftware.com/player-profile/30EEFDB9-F0D3-4FF1-BA0B-CFB84CFF3CEE
Olivia Martin,ws,1359917,https://be.tournamentsoftware.com/player-profile/F150653F-142E-463B-985A-65C11CBDEEE7
Nok Yi Chui,ws,1360488,https://be.tournamentsoftware.com/player-profile/07FD9EC9-B5D4-44EE-A18E-A7137F45E2A9
Kruthi Pothuraju,ws,1374846,https://be.tournamentsoftware.com/player-profile/C4C2141D-8EDC-4FF8-9B8E-B6D6FCB9BCC0
Alicia Wang,ws,1346857,https://be.tournamentsoftware.com/player-profile/D7F5990D-94B3-49CC-9A2D-3A6E542CDE70
Sophia Chen,ws,1360764,https://be.tournamentsoftware.com/player-profile/099EDA1D-C7C3-49AF-B381-09DC416674B3
Pratibha Arambam,ws,1370690,https://be.tournamentsoftware.com/player-profile/3F270E0D-7E7C-4DBE-AD83-52A7AAB0BE71
Elisabeth Hutchinson,ws,1373435,https://be.tournamentsoftware.com/player-profile/F4061FF8-E26D-4F10-ABE9-B468D692F416
Keerthana Reddy Chada,ws,1345455,https://be.tournamentsoftware.com/player-profile/0A9FE917-6B39-4C3A-90C8-6D35E0D36B2A
Tanida Prapunwong,ws,1340743,https://be.tournamentsoftware.com/player-profile/A1C01F47-3E64-458F-927D-F85A87EB765B
Nidhi Shukla,ws,1370626,https://be.tournamentsoftware.com/player-profile/5108BCD8-6BB7-46D2-815A-93CAECF73BA6
Millicent Lythgoe,ws,1339698,https://be.tournamentsoftware.com/player-profile/2AD6018F-0DF3-48E3-BDAA-CFAFA44F8C8D
Charvi Ramanujam,ws,1363657,https://be.tournamentsoftware.com/player-profile/22846961-F93B-4DAD-9369-1E9D7ACA2F21
Nikhil Pulikkottil,md,1323028,https://be.tournamentsoftware.com/player-profile/9F7C5191-E80C-4EDD-862D-895232FF8EA5
Phil Daniel,md,1365965,https://be.tournamentsoftware.com/player-profile/0BA3BD89-2111-4B03-92EC-195255FB167B
Eden Gough,md,1346056,https://be.tournamentsoftware.com/player-profile/54952974-CCA3-4A3C-AAB7-B2845B406383
Abhiram Gollena,md,1373525,https://be.tournamentsoftware.com/player-profile/4FE0EB79-D8D8-435A-8ADE-DC0BE83CCB49
Etienne Fan,md,1351728,https://be.tournamentsoftware.com/player-profile/50F8B206-33DA-4663-A5D3-12A67551B038
Kevin Tao,md,1346258,https://be.tournamentsoftware.com/player-profile/23D6B6C4-8DDA-4316-B766-0C06F7546328
Aaron Cherian,md,1366216,https://be.tournamentsoftware.com/player-profile/80EFC26D-57EC-4E33-A836-2C65F61A697A
Adam Alam,md,1353954,https://be.tournamentsoftware.com/player-profile/1FBFBA39-13FD-45D8-9E1C-6799E3A64F2F
Tuvyojas Didwania,md,1339298,https://be.tournamentsoftware.com/player-profile/277D9F9E-F710-4D96-8B7B-0F32E2B2B5A6
aayush reddy,md,1337464,https://be.tournamentsoftware.com/player-profile/B7A9FA1A-6E2E-40A3-A552-D9EAC4E7B08A
Arjun Bhattiprolu,md,1344244,https://be.tournamentsoftware.com/player-profile/90EDC498-CA98-433C-AA7F-FB8C051318E0
Olaf Kwiecien,md,1360084,https://be.tournamentsoftware.com/player-profile/0252F7FA-9B44-4E31-AD1E-203F919E7FD8
Tsz Chai (Adwin) Lo,md,1361395,https://be.tournamentsoftware.com/player-profile/E5D75E42-7BAF-4C88-AC34-2D9EA1E08180
Rory Le Masurier,md,1359691,https://be.tournamentsoftware.com/player-profile/7FD5B2C7-40B1-4AA9-A16D-2FEE743D863D
Isaac Chen,md,1380051,https://be.tournamentsoftware.com/player-profile/59F7A917-65D5-4740-967E-7FCC04CB8143
Danish Pattanayak,md,1360577,https://be.tournamentsoftware.com/player-profile/2825E04B-18FA-4795-B6AC-CF618FDB9A18
Jake Harrison,md,1343857,https://be.tournamentsoftware.com/player-profile/E00FCEF7-4916-4D94-A84C-40408166BB82
Gerry Ou,md,1328047,https://be.tournamentsoftware.com/player-profile/6D43D0E1-DDDE-4476-8F24-658F9D084239
Leon Kiran,md,1357777,https://be.tournamentsoftware.com/player-profile/E17E95CF-ADB5-4F1C-9701-5EC72CF11D9A
Advait Neelakandan,md,1342449,https://be.tournamentsoftware.com/player-profile/881A804C-9D7C-4D2E-A404-893D8AACC06B
Suchir Krishna Addagondla,md,1370416,https://be.tournamentsoftware.com/player-profile/84774ED3-E8BF-466E-8707-80C4CAB5F924
Mudra Mayekar,wd,1332708,https://be.tournamentsoftware.com/player-profile/94B71D97-0EB1-4619-B6EE-3BA9AB51413F
Vedanshi Jain,wd,1343018,https://be.tournamentsoftware.com/player-profile/79B46D4D-1BEA-45E8-A4D1-FC9FC3ACB0A8
Mutiara Mandala,wd,1352245,https://be.tournamentsoftware.com/player-profile/392F6613-B4A7-418B-8002-0D05C13D6A14
Michelle Chen,wd,1360763,https://be.tournamentsoftware.com/player-profile/3BFB8610-6FE7-4B3B-9339-345EA9F04BB3
Olivia Martin,wd,1359917,https://be.tournamentsoftware.com/player-profile/F150653F-142E-463B-985A-65C11CBDEEE7
Daya Variangattil,wd,1342573,https://be.tournamentsoftware.com/player-profile/4D2C3EAE-F830-45B8-BE4D-BD01884BBE02
Hayley Liow,wd,1337187,https://be.tournamentsoftware.com/player-profile/AFEB362A-CF4B-4BAB-BE98-CBC40E04CFF9
Chinmayi Kishor,wd,1363385,https://be.tournamentsoftware.com/player-profile/1622AE0E-93D1-4C4B-89A8-F2356A8E2A44
Elsa Mitchell,wd,1333107,https://be.tournamentsoftware.com/player-profile/777187B6-204E-4543-8525-687F1A606FF3
Alicia Wang,wd,1346857,https://be.tournamentsoftware.com/player-profile/D7F5990D-94B3-49CC-9A2D-3A6E542CDE70
Ananya Sanil,wd,1339385,https://be.tournamentsoftware.com/player-profile/E281A6BB-7D6B-4A79-9335-118A805FE246
Pratibha Arambam,wd,1370690,https://be.tournamentsoftware.com/player-profile/3F270E0D-7E7C-4DBE-AD83-52A7AAB0BE71
Ava Dodkins,wd,1346679,https://be.tournamentsoftware.com/player-profile/50B17580-6820-46F9-84CD-B8F51327E5AD
Hong Kiu Charlee Lam,wd,1373665,https://be.tournamentsoftware.com/player-profile/05FC43E3-DF17-456E-AD0B-E44D90D9BCC2
Saanvi Urs,wd,1380520,https://be.tournamentsoftware.com/player-profile/CA48D6CD-C085-4794-A039-E6965D780D85
Nidhi Shukla,wd,1370626,https://be.tournamentsoftware.com/player-profile/5108BCD8-6BB7-46D2-815A-93CAECF73BA6
Millicent Lythgoe,wd,1339698,https://be.tournamentsoftware.com/player-profile/2AD6018F-0DF3-48E3-BDAA-CFAFA44F8C8D
Isabelle Bradley,wd,1349504,https://be.tournamentsoftware.com/player-profile/22F77EBA-ADBE-452B-B00C-A8593DF1C44E
Nihira Racharla,wd,1333321,https://be.tournamentsoftware.com/player-profile/950B407C-9103-45FF-BE31-134F2530744A
Keerthana Reddy Chada,wd,1345455,https://be.tournamentsoftware.com/player-profile/0A9FE917-6B39-4C3A-90C8-6D35E0D36B2A
Veronika Kodagi,wd,1358766,https://be.tournamentsoftware.com/player-profile/6E45DE92-2AD0-4865-A5C6-9AD35C931F38
Nikhil Pulikkottil,xd,1323028,https://be.tournamentsoftware.com/player-profile/9F7C5191-E80C-4EDD-862D-895232FF8EA5
Etienne Fan,xd,1351728,https://be.tournamentsoftware.com/player-profile/50F8B206-33DA-4663-A5D3-12A67551B038
Eden Gough,xd,1346056,https://be.tournamentsoftware.com/player-profile/54952974-CCA3-4A3C-AAB7-B2845B406383
Abhiram Gollena,xd,1373525,https://be.tournamentsoftware.com/player-profile/4FE0EB79-D8D8-435A-8ADE-DC0BE83CCB49
Arjun Bhattiprolu,xd,1344244,https://be.tournamentsoftware.com/player-profile/90EDC498-CA98-433C-AA7F-FB8C051318E0
Phil Daniel,xd,1365965,https://be.tournamentsoftware.com/player-profile/0BA3BD89-2111-4B03-92EC-195255FB167B
Rory Le Masurier,xd,1359691,https://be.tournamentsoftware.com/player-profile/7FD5B2C7-40B1-4AA9-A16D-2FEE743D863D
Jamie Choong,xd,1353182,https://be.tournamentsoftware.com/player-profile/1D7FA53C-424C-49F8-8F70-A16B6C85EF17
Kevin Tao,xd,1346258,https://be.tournamentsoftware.com/player-profile/23D6B6C4-8DDA-4316-B766-0C06F7546328
Olaf Kwiecien,xd,1360084,https://be.tournamentsoftware.com/player-profile/0252F7FA-9B44-4E31-AD1E-203F919E7FD8
Advait Neelakandan,xd,1342449,https://be.tournamentsoftware.com/player-profile/881A804C-9D7C-4D2E-A404-893D8AACC06B
Tuvyojas Didwania,xd,1339298,https://be.tournamentsoftware.com/player-profile/277D9F9E-F710-4D96-8B7B-0F32E2B2B5A6
Tsz Chai (Adwin) Lo,xd,1361395,https://be.tournamentsoftware.com/player-profile/E5D75E42-7BAF-4C88-AC34-2D9EA1E08180
Shiv Vitish,xd,1360259,https://be.tournamentsoftware.com/player-profile/1BBA29E1-5D27-4715-B8AB-9B64B9B9310C
Shevin Dias,xd,1362037,https://be.tournamentsoftware.com/player-profile/38C621E4-6658-4C98-9D67-D3B5F67FAFCD
Aditya Vignesh,xd,1351201,https://be.tournamentsoftware.com/player-profile/8F1BBDC8-C284-4489-99F9-F3D02F313108
Aarav Kotian,xd,1341330,https://be.tournamentsoftware.com/player-profile/3885BD96-704E-47AE-B52D-DFCE94530BD6
Adam Alam,xd,1353954,https://be.tournamentsoftware.com/player-profile/1FBFBA39-13FD-45D8-9E1C-6799E3A64F2F
Aaron Cherian,xd,1366216,https://be.tournamentsoftware.com/player-profile/80EFC26D-57EC-4E33-A836-2C65F61A697A
Gerry Ou,xd,1328047,https://be.tournamentsoftware.com/player-profile/6D43D0E1-DDDE-4476-8F24-658F9D084239
Jake Harrison,xd,1343857,https://be.tournamentsoftware.com/player-profile/E00FCEF7-4916-4D94-A84C-40408166BB82
Vedanshi Jain,xd,1343018,https://be.tournamentsoftware.com/player-profile/79B46D4D-1BEA-45E8-A4D1-FC9FC3ACB0A8
Daya Variangattil,xd,1342573,https://be.tournamentsoftware.com/player-profile/4D2C3EAE-F830-45B8-BE4D-BD01884BBE02
Mudra Mayekar,xd,1332708,https://be.tournamentsoftware.com/player-profile/94B71D97-0EB1-4619-B6EE-3BA9AB51413F
Mutiara Mandala,xd,1352245,https://be.tournamentsoftware.com/player-profile/392F6613-B4A7-418B-8002-0D05C13D6A14
Elsa Mitchell,xd,1333107,https://be.tournamentsoftware.com/player-profile/777187B6-204E-4543-8525-687F1A606FF3
Hayley Liow,xd,1337187,https://be.tournamentsoftware.com/player-profile/AFEB362A-CF4B-4BAB-BE98-CBC40E04CFF9
Michelle Chen,xd,1360763,https://be.tournamentsoftware.com/player-profile/3BFB8610-6FE7-4B3B-9339-345EA9F04BB3
Ananya Sanil,xd,1339385,https://be.tournamentsoftware.com/player-profile/E281A6BB-7D6B-4A79-9335-118A805FE246
Alicia Wang,xd,1346857,https://be.tournamentsoftware.com/player-profile/D7F5990D-94B3-49CC-9A2D-3A6E542CDE70
Ava Dodkins,xd,1346679,https://be.tournamentsoftware.com/player-profile/50B17580-6820-46F9-84CD-B8F51327E5AD
Sophia Chen,xd,1360764,https://be.tournamentsoftware.com/player-profile/099EDA1D-C7C3-49AF-B381-09DC416674B3
Kruthi Pothuraju,xd,1374846,https://be.tournamentsoftware.com/player-profile/C4C2141D-8EDC-4FF8-9B8E-B6D6FCB9BCC0
Nidhi Shukla,xd,1370626,https://be.tournamentsoftware.com/player-profile/5108BCD8-6BB7-46D2-815A-93CAECF73BA6
Olivia Martin,xd,1359917,https://be.tournamentsoftware.com/player-profile/F150653F-142E-463B-985A-65C11CBDEEE7
Nihira Racharla,xd,1333321,https://be.tournamentsoftware.com/player-profile/950B407C-9103-45FF-BE31-134F2530744A
Sophie Lee,xd,1379836,https://be.tournamentsoftware.com/player-profile/7F168AF9-5BE0-4645-9764-1A7B5A32BF89
Saanvi Urs,xd,1380520,https://be.tournamentsoftware.com/player-profile/CA48D6CD-C085-4794-A039-E6965D780D85
Pratibha Arambam,xd,1370690,https://be.tournamentsoftware.com/player-profile/3F270E0D-7E7C-4DBE-AD83-52A7AAB0BE71
Chinmayi Kishor,xd,1363385,https://be.tournamentsoftware.com/player-profile/1622AE0E-93D1-4C4B-89A8-F2356A8E2A44
Anna Starling,xd,1371514,https://be.tournamentsoftware.com/player-profile/A003A567-ACD6-41E9-BE7C-09F085C96AE6
Nok Yi Chui,xd,1360488,https://be.tournamentsoftware.com/player-profile/07FD9EC9-B5D4-44EE-A18E-A7137F45E2A9
